{
  "official_macro_f1": 0.38677437803847753,
  "macro_precision": 0.3994692338029141,
  "macro_recall": 0.3777035997814334,
  "thresholds": {
    "Action": 0.5,
    "Actor": 0.5,
    "Effect": 0.5,
    "Evidence": 0.45,
    "Victim": 0.4
  },
  "num_models": 5,
  "per_type": {
    "Action": {
      "precision": 0.3877551020408163,
      "recall": 0.36538461538461536,
      "f1": 0.3762376237623762,
      "tp": 38.0,
      "fp": 60.0,
      "fn": 66.0,
      "support": 104.0
    },
    "Actor": {
      "precision": 0.5419847328244275,
      "recall": 0.5220588235294118,
      "f1": 0.5318352059925094,
      "tp": 71.0,
      "fp": 60.0,
      "fn": 65.0,
      "support": 136.0
    },
    "Effect": {
      "precision": 0.26744186046511625,
      "recall": 0.323943661971831,
      "f1": 0.2929936305732484,
      "tp": 23.0,
      "fp": 63.0,
      "fn": 48.0,
      "support": 71.0
    },
    "Evidence": {
      "precision": 0.3157894736842105,
      "recall": 0.2465753424657534,
      "f1": 0.27692307692307694,
      "tp": 18.0,
      "fp": 39.0,
      "fn": 55.0,
      "support": 73.0
    },
    "Victim": {
      "precision": 0.484375,
      "recall": 0.4305555555555556,
      "f1": 0.4558823529411765,
      "tp": 31.0,
      "fp": 33.0,
      "fn": 41.0,
      "support": 72.0
    }
  }
}